<?xml version="1.0" encoding="UTF-8" standalone="yes"?>
	<app version="0.3">
		<name>Cheat Manager</name>
		<coder>SpriteZ</coder>
		<version>0.3</version>
		<release_date>20090412125400</release_date>
		<short_description>Cheat code manager</short_description>
		<long_description>[ DESCRIPTION ]:

- Cheat Manager is an homebrew that allows you to generate GCT file
  form text file.

- Allows you edit text code.

- List txt file on sd card.

- Chaet Codes can be found here : http://www.usbgecko.com/codes/

</long_description>
	</app>